fold_id,strategy,haircut,status,bets,wins,win_pct,initial_bankroll,final_bankroll,bankroll_profit,bankroll_return_pct,total_staked,yield_pct,unit_profit,unit_staked,unit_yield_pct,max_drawdown_pct,profit_factor,avg_implied_probability,skip_reason
2,market_favorite,0.01,completed,32,25,78.125,1000.0,1090.155348,90.155348,9.015535,331.600171,27.187968,8.727659,32.0,27.273935,1.99,2.240787,0.609595,
2,market_underdog,0.01,completed,32,7,21.875,1000.0,847.241481,-152.758519,-15.275852,298.202695,-51.226404,-16.374743,32.0,-51.171071,15.877475,0.343933,0.426689,
2,home_side,0.01,completed,32,22,68.75,1000.0,1051.200865,51.200865,5.120087,327.783987,15.620307,5.103619,32.0,15.948808,2.445614,1.497497,0.576657,
2,away_side,0.01,completed,32,10,31.25,1000.0,878.890411,-121.109589,-12.110959,301.530033,-40.165017,-12.750702,32.0,-39.845945,13.498074,0.417371,0.459627,
2,hodge_only_side,0.01,completed,32,14,43.75,1000.0,933.776206,-66.223794,-6.622379,309.01171,-21.430836,-6.703144,32.0,-20.947326,7.285451,0.620508,0.498515,
2,contrarian_side,0.01,completed,32,18,56.25,1000.0,989.402751,-10.597249,-1.059725,319.683438,-3.31492,-0.943939,32.0,-2.949811,3.715875,0.924609,0.537769,
2,odds_band_random_seed_7,0.01,completed,32,18,56.25,1000.0,1041.600719,41.600719,4.160072,328.321217,12.670737,4.233327,32.0,13.229146,5.256425,1.287989,0.47813,
2,odds_band_random_seed_17,0.01,completed,32,19,59.375,1000.0,1077.024143,77.024143,7.702414,331.651039,23.224454,7.640348,32.0,23.876088,3.940399,1.564103,0.469553,
2,odds_band_random_seed_29,0.01,completed,32,12,37.5,1000.0,959.983175,-40.016825,-4.001682,316.76299,-12.633049,-3.852454,32.0,-12.038919,5.727953,0.798679,0.466304,
2,market_only_expected_value_calibration,0.01,skipped,0,,,,,,,,0.0,,,0.0,0.0,,,not feasible from closing odds alone because normalized market probabilities produce non-positive raw EV after overround
3,market_favorite,0.01,completed,65,41,63.076923,1000.0,1035.986642,35.986642,3.598664,687.151695,5.237074,3.747258,65.0,5.765013,8.256001,1.14059,0.596307,
3,market_underdog,0.01,completed,65,24,36.923077,1000.0,896.797427,-103.202573,-10.320257,586.763255,-17.588452,-10.490349,65.0,-16.138999,16.596595,0.724085,0.442792,
3,home_side,0.01,completed,65,34,52.307692,1000.0,987.61061,-12.38939,-1.238939,618.20455,-2.004092,-0.964952,65.0,-1.484541,8.682288,0.958231,0.527707,
3,away_side,0.01,completed,65,31,47.692308,1000.0,941.238767,-58.761233,-5.876123,652.113521,-9.01089,-5.778139,65.0,-8.889445,11.484185,0.82796,0.511392,
3,hodge_only_side,0.01,completed,65,35,53.846154,1000.0,973.487214,-26.512786,-2.651279,653.847141,-4.054891,-2.383033,65.0,-3.666204,8.026573,0.912399,0.550449,
3,contrarian_side,0.01,completed,65,30,46.153846,1000.0,953.6765,-46.3235,-4.63235,615.923516,-7.520983,-4.360058,65.0,-6.707782,8.607657,0.86133,0.48865,
3,odds_band_random_seed_7,0.01,completed,65,30,46.153846,1000.0,901.478677,-98.521323,-9.852132,636.723554,-15.473171,-10.078802,65.0,-15.505849,13.957902,0.713313,0.538908,
3,odds_band_random_seed_17,0.01,completed,65,35,53.846154,1000.0,981.478485,-18.521515,-1.852151,639.756176,-2.89509,-1.610424,65.0,-2.477575,6.481105,0.937546,0.539195,
3,odds_band_random_seed_29,0.01,completed,65,35,53.846154,1000.0,1032.213926,32.213926,3.221393,668.120256,4.821576,3.506696,65.0,5.394916,4.691908,1.103852,0.535844,
3,market_only_expected_value_calibration,0.01,skipped,0,,,,,,,,0.0,,,0.0,0.0,,,not feasible from closing odds alone because normalized market probabilities produce non-positive raw EV after overround
4,market_favorite,0.01,completed,41,22,53.658537,1000.0,958.701098,-41.298902,-4.12989,401.546499,-10.284961,-4.078379,41.0,-9.947265,5.763151,0.779037,0.585887,
4,market_underdog,0.01,completed,41,19,46.341463,1000.0,996.239693,-3.760307,-0.376031,409.727922,-0.917757,-0.16559,41.0,-0.403877,4.278432,0.982971,0.452841,
4,home_side,0.01,completed,41,22,53.658537,1000.0,972.019915,-27.980085,-2.798009,409.768693,-6.828263,-2.689275,41.0,-6.559207,6.383715,0.853262,0.56539,
4,away_side,0.01,completed,41,19,46.341463,1000.0,982.589012,-17.410988,-1.741099,401.527413,-4.336189,-1.554693,41.0,-3.791935,5.016326,0.919627,0.473337,
4,hodge_only_side,0.01,completed,41,24,58.536585,1000.0,1039.513301,39.513301,3.95133,414.262717,9.538223,4.026508,41.0,9.820751,4.273294,1.229268,0.529434,
4,contrarian_side,0.01,completed,41,17,41.463415,1000.0,919.190695,-80.809305,-8.080931,397.69285,-20.319527,-8.270476,41.0,-20.171894,13.071341,0.653228,0.509294,
4,odds_band_random_seed_7,0.01,completed,41,26,63.414634,1000.0,1087.433183,87.433183,8.743318,424.351684,20.603944,8.581287,41.0,20.929967,3.940399,1.560516,0.519912,
4,odds_band_random_seed_17,0.01,completed,41,19,46.341463,1000.0,937.017231,-62.982769,-6.298277,398.240729,-15.81525,-6.304033,41.0,-15.375689,7.43179,0.706638,0.517819,
4,odds_band_random_seed_29,0.01,completed,41,22,53.658537,1000.0,1009.636782,9.636782,0.963678,407.220364,2.366478,1.15984,41.0,2.828879,4.264714,1.050783,0.514571,
4,market_only_expected_value_calibration,0.01,skipped,0,,,,,,,,0.0,,,0.0,0.0,,,not feasible from closing odds alone because normalized market probabilities produce non-positive raw EV after overround
5,market_favorite,0.01,completed,68,36,52.941176,1000.0,927.464015,-72.535985,-7.253599,645.231797,-11.241849,-7.291392,68.0,-10.722636,9.896634,0.762833,0.592923,
5,market_underdog,0.01,completed,68,32,47.058824,1000.0,1037.134499,37.134499,3.71345,707.561622,5.248235,4.065829,68.0,5.979161,4.900995,1.098525,0.445894,
5,home_side,0.01,completed,68,41,60.294118,1000.0,1060.577917,60.577917,6.057792,709.015088,8.543953,6.187413,68.0,9.099137,4.295716,1.213861,0.562846,
5,away_side,0.01,completed,68,27,39.705882,1000.0,906.399469,-93.600531,-9.360053,644.173433,-14.530331,-9.412977,68.0,-13.842613,14.369792,0.760295,0.475971,
5,hodge_only_side,0.01,completed,68,40,58.823529,1000.0,1090.972999,90.972999,9.0973,693.678257,13.114581,8.991972,68.0,13.223488,5.084674,1.31866,0.528522,
5,contrarian_side,0.01,completed,68,28,41.176471,1000.0,882.449367,-117.550633,-11.755063,658.901399,-17.840398,-12.217535,68.0,-17.966964,14.538954,0.695892,0.510295,
5,odds_band_random_seed_7,0.01,completed,68,34,50.0,1000.0,946.95175,-53.04825,-5.304825,675.826915,-7.849384,-5.052571,68.0,-7.430251,8.31875,0.843598,0.530528,
5,odds_band_random_seed_17,0.01,completed,68,41,60.294118,1000.0,1090.843169,90.843169,9.084317,717.768746,12.656328,9.016049,68.0,13.258896,4.697284,1.316984,0.525404,
5,odds_band_random_seed_29,0.01,completed,68,34,50.0,1000.0,935.177462,-64.822538,-6.482254,672.754929,-9.635387,-6.402802,68.0,-9.415886,12.915998,0.807896,0.530877,
5,market_only_expected_value_calibration,0.01,skipped,0,,,,,,,,0.0,,,0.0,0.0,,,not feasible from closing odds alone because normalized market probabilities produce non-positive raw EV after overround
6,market_favorite,0.01,completed,43,18,41.860465,1000.0,881.523406,-118.476594,-11.847659,402.694897,-29.420933,-12.447875,43.0,-28.948547,11.847659,0.496574,0.583252,
6,market_underdog,0.01,completed,43,24,55.813953,1000.0,1117.774372,117.774372,11.777437,461.829352,25.501708,11.403765,43.0,26.520384,4.13257,1.571376,0.43933,
6,home_side,0.01,completed,43,23,53.488372,1000.0,992.421742,-7.578258,-0.757826,427.787842,-1.771499,-0.548553,43.0,-1.275705,4.726624,0.962092,0.559173,
6,away_side,0.01,completed,43,20,46.511628,1000.0,1011.592837,11.592837,1.159284,435.961847,2.65914,1.4473,43.0,3.365814,7.573386,1.049422,0.463409,
6,hodge_only_side,0.01,completed,43,25,58.139535,1000.0,1052.445959,52.445959,5.244596,442.734007,11.84593,5.301548,43.0,12.329182,4.116428,1.28167,0.535559,
6,contrarian_side,0.01,completed,43,18,41.860465,1000.0,954.786278,-45.213722,-4.521372,421.582307,-10.724767,-4.402801,43.0,-10.239073,9.462089,0.816221,0.487023,
6,odds_band_random_seed_7,0.01,completed,43,24,55.813953,1000.0,1014.751386,14.751386,1.475139,426.68791,3.457184,1.673456,43.0,3.891759,6.477178,1.077836,0.52665,
6,odds_band_random_seed_17,0.01,completed,43,16,37.209302,1000.0,871.359201,-128.640799,-12.86408,402.962133,-31.923793,-13.580889,43.0,-31.583463,15.169502,0.4928,0.524107,
6,odds_band_random_seed_29,0.01,completed,43,21,48.837209,1000.0,966.299485,-33.700515,-3.370052,415.607773,-8.108731,-3.20897,43.0,-7.46272,6.779658,0.842531,0.524366,
6,market_only_expected_value_calibration,0.01,skipped,0,,,,,,,,0.0,,,0.0,0.0,,,not feasible from closing odds alone because normalized market probabilities produce non-positive raw EV after overround
7,market_favorite,0.01,completed,45,27,60.0,1000.0,1024.688812,24.688812,2.468881,454.588675,5.431022,2.601329,45.0,5.780732,3.681635,1.135073,0.57609,
7,market_underdog,0.01,completed,45,18,40.0,1000.0,965.258827,-34.741173,-3.474117,441.375635,-7.871113,-3.2499,45.0,-7.222,8.801148,0.869399,0.445651,
7,home_side,0.01,completed,45,23,51.111111,1000.0,979.373505,-20.626495,-2.062649,450.894334,-4.574574,-1.869287,45.0,-4.153972,6.872661,0.906775,0.539089,
7,away_side,0.01,completed,45,22,48.888889,1000.0,1009.466515,9.466515,0.946651,444.98015,2.127402,1.220717,45.0,2.712704,7.76978,1.041407,0.482652,
7,hodge_only_side,0.01,completed,45,25,55.555556,1000.0,1050.888739,50.888739,5.088874,468.695699,10.857522,5.16156,45.0,11.470134,3.571617,1.24276,0.504072,
7,contrarian_side,0.01,completed,45,20,44.444444,1000.0,941.652253,-58.347747,-5.834775,428.338703,-13.621871,-5.810131,45.0,-12.911402,9.21318,0.756006,0.51767,
7,odds_band_random_seed_7,0.01,completed,45,23,51.111111,1000.0,980.537379,-19.462621,-1.946262,449.636423,-4.328524,-1.816447,45.0,-4.036549,5.039658,0.911771,0.505926,
7,odds_band_random_seed_17,0.01,completed,45,23,51.111111,1000.0,988.471265,-11.528735,-1.152873,438.593394,-2.62857,-0.959774,45.0,-2.132831,5.000685,0.946492,0.504268,
7,odds_band_random_seed_29,0.01,completed,45,20,44.444444,1000.0,957.021132,-42.978868,-4.297887,455.99944,-9.425202,-4.145016,45.0,-9.211147,11.492187,0.830592,0.494511,
7,market_only_expected_value_calibration,0.01,skipped,0,,,,,,,,0.0,,,0.0,0.0,,,not feasible from closing odds alone because normalized market probabilities produce non-positive raw EV after overround
8,market_favorite,0.01,completed,31,19,61.290323,1000.0,1020.217269,20.217269,2.021727,315.774177,6.402445,2.125863,31.0,6.857623,4.0309,1.164249,0.575564,
8,market_underdog,0.01,completed,31,12,38.709677,1000.0,960.168767,-39.831233,-3.983123,299.268603,-13.309526,-3.851747,31.0,-12.424989,9.482123,0.784046,0.446821,
8,home_side,0.01,completed,31,14,45.16129,1000.0,949.387067,-50.612933,-5.061293,300.505748,-16.842584,-5.06092,31.0,-16.325547,6.313414,0.694561,0.53044,
8,away_side,0.01,completed,31,17,54.83871,1000.0,1032.351521,32.351521,3.235152,314.417464,10.289352,3.335036,31.0,10.75818,5.325604,1.226645,0.491945,
8,hodge_only_side,0.01,completed,31,21,67.741935,1000.0,1082.417905,82.417905,8.24179,324.344602,25.410599,8.044064,31.0,25.948595,1.99,1.778709,0.541163,
8,contrarian_side,0.01,completed,31,10,32.258065,1000.0,905.424561,-94.575439,-9.457544,291.676501,-32.424772,-9.769948,31.0,-31.515962,12.34244,0.523885,0.481223,
8,odds_band_random_seed_7,0.01,completed,31,16,51.612903,1000.0,985.332112,-14.667888,-1.466789,304.930256,-4.810244,-1.384331,31.0,-4.465585,6.508142,0.901014,0.53798,
8,odds_band_random_seed_17,0.01,completed,31,19,61.290323,1000.0,1025.258702,25.258702,2.52587,317.755246,7.949106,2.613369,31.0,8.430222,2.636943,1.204218,0.543765,
8,odds_band_random_seed_29,0.01,completed,31,16,51.612903,1000.0,977.41199,-22.58801,-2.258801,302.136259,-7.476101,-2.16803,31.0,-6.993644,4.429622,0.846382,0.543442,
8,market_only_expected_value_calibration,0.01,skipped,0,,,,,,,,0.0,,,0.0,0.0,,,not feasible from closing odds alone because normalized market probabilities produce non-positive raw EV after overround
